Sample,Axis.1,Axis.2,BarcodeSequence,LinkerPrimerSequence,BarcodeName,ReversePrimer,ProjectName,Samples_type,pilot,granule_type,year,sample_code,sample_weight_g,ev_uL,nanodrop_260_230,nanodrop_260_280,dna_conc_ng_uL,dilution_factor_dna,dna_conc_mrdna_ng_uL,ng_dna_per_g_sample,Description,study_id,sampleid
ALAR.1,-0.21452103292405217,0.0087777006541078,TCCGGCCG,GTGYCAGCMGCCGCGGTAA,illCus515bar1,CCGYCAATTYMTTTRAGTTT,061324PV2lee926R,Granules,A_used_granules,Whole_granules,2022,G_1_a,"1,1150",10,"2,12","1,85",150,10,15,1345,ALAR.1,ALAR_proj1_Q17713,ALAR.1
ALAR.2,-0.2426925044623976,-0.010981939198758856,TCCGGTAA,GTGYCAGCMGCCGCGGTAA,illCus515bar2,CCGYCAATTYMTTTRAGTTT,061324PV2lee926R,Granules,A_used_granules,Backwashed_granules,2022,G_2_a,"1,0660",10,"1,97","1,85",160,10,16,1501,ALAR.2,ALAR_proj1_Q17713,ALAR.2
ALAR.3,-0.21497777693364226,0.22529758976711403,TCCGTCGG,GTGYCAGCMGCCGCGGTAA,illCus515bar3,CCGYCAATTYMTTTRAGTTT,061324PV2lee926R,Granules,B_virgin_granules,Whole_granules,2022,G_3_a,"1,1602",10,"2,13","1,85",190,10,19,1638,ALAR.3,ALAR_proj1_Q17713,ALAR.3
ALAR.4,-0.18922262633893402,0.1787846407004334,TCCGTCTT,GTGYCAGCMGCCGCGGTAA,illCus515bar4,CCGYCAATTYMTTTRAGTTT,061324PV2lee926R,Granules,B_virgin_granules,Backwashed_granules,2022,G_4_a,"1,1532",10,"1,56","1,82",170,10,17,1474,ALAR.4,ALAR_proj1_Q17713,ALAR.4
ALAR.5,-0.1791992096168056,-0.17408721379104633,TCCGTGCG,GTGYCAGCMGCCGCGGTAA,illCus515bar5,CCGYCAATTYMTTTRAGTTT,061324PV2lee926R,Granules,B_virgin_granules,Whole_granules,2023,G_5_a,"1,0917",10,"1,37","1,75",150,10,15,1374,ALAR.5,ALAR_proj1_Q17713,ALAR.5
ALAR.6,-0.1770739993474844,-0.19364814630063676,TCCGTGCT,GTGYCAGCMGCCGCGGTAA,illCus515bar6,CCGYCAATTYMTTTRAGTTT,061324PV2lee926R,Granules,B_virgin_granules,Backwashed_granules,2023,G_6_a,"1,2178",10,"1,52","1,70",220,10,22,1807,ALAR.6,ALAR_proj1_Q17713,ALAR.6
ALAR.7,0.2971340546346966,-0.18944949788702384,TCCGTTCC,GTGYCAGCMGCCGCGGTAA,illCus515bar7,CCGYCAATTYMTTTRAGTTT,061324PV2lee926R,Backwash_water,A_used_granules,NA,2022,BW_1_a,"0,1327",10,"1,64","1,81",180,10,18,13564,ALAR.7,ALAR_proj1_Q17713,ALAR.7
ALAR.8,0.4693923323529421,0.12171370059871021,TCCGTTTT,GTGYCAGCMGCCGCGGTAA,illCus515bar8,CCGYCAATTYMTTTRAGTTT,061324PV2lee926R,Backwash_water,A_used_granules,NA,2022,BW_2_a,"0,1241",10,"2,09","1,85",340,10,34,27397,ALAR.8,ALAR_proj1_Q17713,ALAR.8
ALAR.9,0.4511607626356771,0.033593165457100456,TCCTAATA,GTGYCAGCMGCCGCGGTAA,illCus515bar9,CCGYCAATTYMTTTRAGTTT,061324PV2lee926R,Backwash_water,A_used_granules,NA,2023,BW_3_a,"0,1896",10,"2,13","1,71",430,10,43,22679,ALAR.9,ALAR_proj1_Q17713,ALAR.9
